﻿<?xml version="1.0" encoding="UTF-8" standalone="yes"?>
<addon id="cassiotv_repository" name="canaisbr repository" version="0.0.2" provider-name="cleiton">
	<extension point="xbmc.addon.repository" name="canaisbr Add-on Repository">
		<info compressed="false">http://raw.github.com/cleiton/cassiotv_repository/master/addons.xml</info>
		<checksum>http://raw.github.com/cleiton/cassiotv_repository/master/addons.xml.md5</checksum>
		<datadir zip="true">http://raw.github.com/cleiton/cassiotv_repository/master/repo/</datadir>
	</extension>
	<extension point="xbmc.addon.metadata">
		<summary>canaisbr Addon</summary>
		<description>Addon Description</description>
		<disclaimer></disclaimer>
		<platform>all</platform>
	</extension>
</addon>